{"cameraMode":{"drawMode":0,"name":"Shaded","section":"Shading Mode"},"sceneLighting":true,"audioPlay":false,"sceneViewState":{"showFog":true,"showMaterialUpdate":false,"showSkybox":false,"showFlares":true,"showImageEffects":true,"showParticleSystems":true},"in2DMode":false,"pivot":{"x":1.4090194702148438,"y":4.315960884094238,"z":0.8812675476074219},"rotation":{"x":-0.25910642743110659,"y":0.5028942227363586,"z":-0.16095173358917237,"w":-0.809004545211792},"size":54.198707580566409,"orthographic":false}