{"cameraMode":{"drawMode":0,"name":"Shaded","section":"Shading Mode"},"sceneLighting":false,"audioPlay":false,"sceneViewState":{"showFog":true,"showMaterialUpdate":false,"showSkybox":false,"showFlares":true,"showImageEffects":true,"showParticleSystems":true},"in2DMode":false,"pivot":{"x":60.996944427490237,"y":5.3762712478637699,"z":55.62596893310547},"rotation":{"x":-0.022775715216994287,"y":0.9770444631576538,"z":-0.15907670557498933,"w":-0.13988234102725984},"size":-3.0047783851623537,"orthographic":false}