{"cameraMode":{"drawMode":0,"name":"Shaded","section":"Shading Mode"},"sceneLighting":true,"audioPlay":false,"sceneViewState":{"showFog":true,"showMaterialUpdate":false,"showSkybox":true,"showFlares":true,"showImageEffects":true,"showParticleSystems":true},"in2DMode":false,"pivot":{"x":-208.37161254882813,"y":-270.1874084472656,"z":32.69786071777344},"rotation":{"x":-0.3273564875125885,"y":0.5308149456977844,"z":-0.2328680008649826,"w":-0.7462542653083801},"size":199.3889617919922,"orthographic":false}